Kingdom,Phylum,Class,Order,Family,Genus
Kingdom,Phylum,Class,Order,Family,A1
Kingdom,Phylum,Class,Order,Family,A2
Kingdom,Phylum,Class,Order,Family,A3
Kingdom,Phylum,Class,Order,Family,A4
Kingdom,Phylum,Class,Order,Family,A5
Kingdom,Phylum,Class,Order,Family,A6
Kingdom,Phylum,Class,Order,Family,A7
Kingdom,Phylum,Class,Order,Family,A8
Kingdom,Phylum,Class,Order,Family,A9
Kingdom,Phylum,Class,Order,Family,A10
Kingdom,Phylum,Class,Order,Family,A11
Kingdom,Phylum,Class,Order,Family,A12
Kingdom,Phylum,Class,Order,Family,A13
Kingdom,Phylum,Class,Order,Family,A14
Kingdom,Phylum,Class,Order,Family,A15
Kingdom,Phylum,Class,Order,Family,A16
Kingdom,Phylum,Class,Order,Family,A17
Kingdom,Phylum,Class,Order,Family,A18
Kingdom,Phylum,Class,Order,Family,A19
Kingdom,Phylum,Class,Order,Family,A20
Kingdom,Phylum,Class,Order,Family,A21
Kingdom,Phylum,Class,Order,Family,A22
Kingdom,Phylum,Class,Order,Family,A23
Kingdom,Phylum,Class,Order,Family,A24
Kingdom,Phylum,Class,Order,Family,A25
Kingdom,Phylum,Class,Order,Family,A26
Kingdom,Phylum,Class,Order,Family,A27
Kingdom,Phylum,Class,Order,Family,A28
Kingdom,Phylum,Class,Order,Family,A29
Kingdom,Phylum,Class,Order,Family,A30
Kingdom,Phylum,Class,Order,Family,A31
Kingdom,Phylum,Class,Order,Family,A32
Kingdom,Phylum,Class,Order,Family,A33
Kingdom,Phylum,Class,Order,Family,A34
Kingdom,Phylum,Class,Order,Family,A35
Kingdom,Phylum,Class,Order,Family,A36
Kingdom,Phylum,Class,Order,Family,A37
Kingdom,Phylum,Class,Order,Family,A38
Kingdom,Phylum,Class,Order,Family,A39
Kingdom,Phylum,Class,Order,Family,A40
Kingdom,Phylum,Class,Order,Family,A41
Kingdom,Phylum,Class,Order,Family,A42
Kingdom,Phylum,Class,Order,Family,A43
Kingdom,Phylum,Class,Order,Family,A44
Kingdom,Phylum,Class,Order,Family,A45
Kingdom,Phylum,Class,Order,Family,A46
Kingdom,Phylum,Class,Order,Family,A47
Kingdom,Phylum,Class,Order,Family,A48
Kingdom,Phylum,Class,Order,Family,A49
Kingdom,Phylum,Class,Order,Family,A50
Kingdom,Phylum,Class,Order,Family,A51
Kingdom,Phylum,Class,Order,Family,A52
Kingdom,Phylum,Class,Order,Family,A53
Kingdom,Phylum,Class,Order,Family,A54
Kingdom,Phylum,Class,Order,Family,A55
Kingdom,Phylum,Class,Order,Family,A56
Kingdom,Phylum,Class,Order,Family,A57
Kingdom,Phylum,Class,Order,Family,A58
Kingdom,Phylum,Class,Order,Family,A59
Kingdom,Phylum,Class,Order,Family,A60
Kingdom,Phylum,Class,Order,Family,A61
Kingdom,Phylum,Class,Order,Family,A62
Kingdom,Phylum,Class,Order,Family,A63
Kingdom,Phylum,Class,Order,Family,A64
Kingdom,Phylum,Class,Order,Family,A65
Kingdom,Phylum,Class,Order,Family,A66
Kingdom,Phylum,Class,Order,Family,A67
Kingdom,Phylum,Class,Order,Family,A68
Kingdom,Phylum,Class,Order,Family,A69
Kingdom,Phylum,Class,Order,Family,A70
Kingdom,Phylum,Class,Order,Family,A71
Kingdom,Phylum,Class,Order,Family,A72
Kingdom,Phylum,Class,Order,Family,A73
Kingdom,Phylum,Class,Order,Family,A74
Kingdom,Phylum,Class,Order,Family,A75
Kingdom,Phylum,Class,Order,Family,A76
Kingdom,Phylum,Class,Order,Family,A77
Kingdom,Phylum,Class,Order,Family,A78
Kingdom,Phylum,Class,Order,Family,A79
Kingdom,Phylum,Class,Order,Family,A80
Kingdom,Phylum,Class,Order,Family,A81
Kingdom,Phylum,Class,Order,Family,A82
Kingdom,Phylum,Class,Order,Family,A83
Kingdom,Phylum,Class,Order,Family,A84
Kingdom,Phylum,Class,Order,Family,A85
Kingdom,Phylum,Class,Order,Family,A86
Kingdom,Phylum,Class,Order,Family,A87
Kingdom,Phylum,Class,Order,Family,A88
Kingdom,Phylum,Class,Order,Family,A89
Kingdom,Phylum,Class,Order,Family,A90
Kingdom,Phylum,Class,Order,Family,A91
Kingdom,Phylum,Class,Order,Family,A92
Kingdom,Phylum,Class,Order,Family,A93
Kingdom,Phylum,Class,Order,Family,A94
Kingdom,Phylum,Class,Order,Family,A95
Kingdom,Phylum,Class,Order,Family,A96
Kingdom,Phylum,Class,Order,Family,A97
Kingdom,Phylum,Class,Order,Family,A98
Kingdom,Phylum,Class,Order,Family,A99
Kingdom,Phylum,Class,Order,Family,A100
Kingdom,Phylum,Class,Order,Family,A101
Kingdom,Phylum,Class,Order,Family,A102
Kingdom,Phylum,Class,Order,Family,A103
Kingdom,Phylum,Class,Order,Family,A104
Kingdom,Phylum,Class,Order,Family,A105
Kingdom,Phylum,Class,Order,Family,A106
Kingdom,Phylum,Class,Order,Family,A107
Kingdom,Phylum,Class,Order,Family,A108
Kingdom,Phylum,Class,Order,Family,A109
Kingdom,Phylum,Class,Order,Family,A110
Kingdom,Phylum,Class,Order,Family,A111
Kingdom,Phylum,Class,Order,Family,A112
Kingdom,Phylum,Class,Order,Family,A113
Kingdom,Phylum,Class,Order,Family,A114
Kingdom,Phylum,Class,Order,Family,A115
Kingdom,Phylum,Class,Order,Family,A116
Kingdom,Phylum,Class,Order,Family,A117
Kingdom,Phylum,Class,Order,Family,A118
Kingdom,Phylum,Class,Order,Family,A119
Kingdom,Phylum,Class,Order,Family,A120
Kingdom,Phylum,Class,Order,Family,A121
Kingdom,Phylum,Class,Order,Family,A122
Kingdom,Phylum,Class,Order,Family,A123
Kingdom,Phylum,Class,Order,Family,A124
Kingdom,Phylum,Class,Order,Family,A125
Kingdom,Phylum,Class,Order,Family,A126
Kingdom,Phylum,Class,Order,Family,A127
Kingdom,Phylum,Class,Order,Family,A128
Kingdom,Phylum,Class,Order,Family,A129
Kingdom,Phylum,Class,Order,Family,A130
Kingdom,Phylum,Class,Order,Family,A131
Kingdom,Phylum,Class,Order,Family,A132
Kingdom,Phylum,Class,Order,Family,A133
Kingdom,Phylum,Class,Order,Family,A134
Kingdom,Phylum,Class,Order,Family,A135
Kingdom,Phylum,Class,Order,Family,A136
Kingdom,Phylum,Class,Order,Family,A137
Kingdom,Phylum,Class,Order,Family,A138
Kingdom,Phylum,Class,Order,Family,A139
Kingdom,Phylum,Class,Order,Family,A140
Kingdom,Phylum,Class,Order,Family,A141
Kingdom,Phylum,Class,Order,Family,A142
Kingdom,Phylum,Class,Order,Family,A143
Kingdom,Phylum,Class,Order,Family,A144
Kingdom,Phylum,Class,Order,Family,A145
Kingdom,Phylum,Class,Order,Family,A146
Kingdom,Phylum,Class,Order,Family,A147
Kingdom,Phylum,Class,Order,Family,A148
Kingdom,Phylum,Class,Order,Family,A149
Kingdom,Phylum,Class,Order,Family,A150
Kingdom,Phylum,Class,Order,Family,A151
Kingdom,Phylum,Class,Order,Family,A152
Kingdom,Phylum,Class,Order,Family,A153
Kingdom,Phylum,Class,Order,Family,A154
Kingdom,Phylum,Class,Order,Family,A155
Kingdom,Phylum,Class,Order,Family,A156
Kingdom,Phylum,Class,Order,Family,A157
Kingdom,Phylum,Class,Order,Family,A158
Kingdom,Phylum,Class,Order,Family,A159
Kingdom,Phylum,Class,Order,Family,A160
Kingdom,Phylum,Class,Order,Family,A161
Kingdom,Phylum,Class,Order,Family,A162
Kingdom,Phylum,Class,Order,Family,A163
Kingdom,Phylum,Class,Order,Family,A164
Kingdom,Phylum,Class,Order,Family,A165
Kingdom,Phylum,Class,Order,Family,A166
Kingdom,Phylum,Class,Order,Family,A167
Kingdom,Phylum,Class,Order,Family,A168
Kingdom,Phylum,Class,Order,Family,A169
Kingdom,Phylum,Class,Order,Family,A170
Kingdom,Phylum,Class,Order,Family,A171
Kingdom,Phylum,Class,Order,Family,A172
Kingdom,Phylum,Class,Order,Family,A173
Kingdom,Phylum,Class,Order,Family,A174
Kingdom,Phylum,Class,Order,Family,A175
Kingdom,Phylum,Class,Order,Family,A176
Kingdom,Phylum,Class,Order,Family,A177
Kingdom,Phylum,Class,Order,Family,A178
Kingdom,Phylum,Class,Order,Family,A179
Kingdom,Phylum,Class,Order,Family,A180
Kingdom,Phylum,Class,Order,Family,A181
Kingdom,Phylum,Class,Order,Family,A182
Kingdom,Phylum,Class,Order,Family,A183
Kingdom,Phylum,Class,Order,Family,A184
Kingdom,Phylum,Class,Order,Family,A185
Kingdom,Phylum,Class,Order,Family,A186
Kingdom,Phylum,Class,Order,Family,A187
Kingdom,Phylum,Class,Order,Family,A188
Kingdom,Phylum,Class,Order,Family,A189
Kingdom,Phylum,Class,Order,Family,A190
Kingdom,Phylum,Class,Order,Family,A191
Kingdom,Phylum,Class,Order,Family,A192
Kingdom,Phylum,Class,Order,Family,A193
Kingdom,Phylum,Class,Order,Family,A194
Kingdom,Phylum,Class,Order,Family,A195
Kingdom,Phylum,Class,Order,Family,A196
Kingdom,Phylum,Class,Order,Family,A197
Kingdom,Phylum,Class,Order,Family,A198
Kingdom,Phylum,Class,Order,Family,A199
Kingdom,Phylum,Class,Order,Family,A200
Kingdom,Phylum,Class,Order,Family,A201
Kingdom,Phylum,Class,Order,Family,A202
Kingdom,Phylum,Class,Order,Family,A203
Kingdom,Phylum,Class,Order,Family,A204
Kingdom,Phylum,Class,Order,Family,A205
Kingdom,Phylum,Class,Order,Family,A206
Kingdom,Phylum,Class,Order,Family,A207
Kingdom,Phylum,Class,Order,Family,A208
Kingdom,Phylum,Class,Order,Family,A209
Kingdom,Phylum,Class,Order,Family,A210
Kingdom,Phylum,Class,Order,Family,A211
Kingdom,Phylum,Class,Order,Family,A212
Kingdom,Phylum,Class,Order,Family,A213
Kingdom,Phylum,Class,Order,Family,A214
Kingdom,Phylum,Class,Order,Family,A215
Kingdom,Phylum,Class,Order,Family,A216
Kingdom,Phylum,Class,Order,Family,A217
Kingdom,Phylum,Class,Order,Family,A218
Kingdom,Phylum,Class,Order,Family,A219
Kingdom,Phylum,Class,Order,Family,A220
Kingdom,Phylum,Class,Order,Family,A221
Kingdom,Phylum,Class,Order,Family,A222
Kingdom,Phylum,Class,Order,Family,A223
Kingdom,Phylum,Class,Order,Family,A224
Kingdom,Phylum,Class,Order,Family,A225
Kingdom,Phylum,Class,Order,Family,A226
Kingdom,Phylum,Class,Order,Family,A227
Kingdom,Phylum,Class,Order,Family,A228
Kingdom,Phylum,Class,Order,Family,A229
Kingdom,Phylum,Class,Order,Family,A230
Kingdom,Phylum,Class,Order,Family,A231
Kingdom,Phylum,Class,Order,Family,A232
Kingdom,Phylum,Class,Order,Family,A233
Kingdom,Phylum,Class,Order,Family,A234
Kingdom,Phylum,Class,Order,Family,A235
Kingdom,Phylum,Class,Order,Family,A236
Kingdom,Phylum,Class,Order,Family,A237
Kingdom,Phylum,Class,Order,Family,A238
Kingdom,Phylum,Class,Order,Family,A239
Kingdom,Phylum,Class,Order,Family,A240
Kingdom,Phylum,Class,Order,Family,A241
Kingdom,Phylum,Class,Order,Family,A242
Kingdom,Phylum,Class,Order,Family,A243
Kingdom,Phylum,Class,Order,Family,A244
Kingdom,Phylum,Class,Order,Family,A245
Kingdom,Phylum,Class,Order,Family,A246
Kingdom,Phylum,Class,Order,Family,A247
Kingdom,Phylum,Class,Order,Family,A248
Kingdom,Phylum,Class,Order,Family,A249
Kingdom,Phylum,Class,Order,Family,A250
Kingdom,Phylum,Class,Order,Family,A251
Kingdom,Phylum,Class,Order,Family,A252
Kingdom,Phylum,Class,Order,Family,A253
Kingdom,Phylum,Class,Order,Family,A254
Kingdom,Phylum,Class,Order,Family,A255
Kingdom,Phylum,Class,Order,Family,A256
Kingdom,Phylum,Class,Order,Family,A257
Kingdom,Phylum,Class,Order,Family,A258
Kingdom,Phylum,Class,Order,Family,A259
Kingdom,Phylum,Class,Order,Family,A260
Kingdom,Phylum,Class,Order,Family,A261
Kingdom,Phylum,Class,Order,Family,A262
Kingdom,Phylum,Class,Order,Family,A263
Kingdom,Phylum,Class,Order,Family,A264
Kingdom,Phylum,Class,Order,Family,A265
Kingdom,Phylum,Class,Order,Family,A266
Kingdom,Phylum,Class,Order,Family,A267
Kingdom,Phylum,Class,Order,Family,A268
Kingdom,Phylum,Class,Order,Family,A269
Kingdom,Phylum,Class,Order,Family,A270
Kingdom,Phylum,Class,Order,Family,A271
Kingdom,Phylum,Class,Order,Family,A272
Kingdom,Phylum,Class,Order,Family,A273
Kingdom,Phylum,Class,Order,Family,A274
Kingdom,Phylum,Class,Order,Family,A275
Kingdom,Phylum,Class,Order,Family,A276
Kingdom,Phylum,Class,Order,Family,A277
Kingdom,Phylum,Class,Order,Family,A278
Kingdom,Phylum,Class,Order,Family,A279
Kingdom,Phylum,Class,Order,Family,A280
Kingdom,Phylum,Class,Order,Family,A281
Kingdom,Phylum,Class,Order,Family,A282
Kingdom,Phylum,Class,Order,Family,A283
Kingdom,Phylum,Class,Order,Family,A284
Kingdom,Phylum,Class,Order,Family,A285
Kingdom,Phylum,Class,Order,Family,A286
Kingdom,Phylum,Class,Order,Family,A287
Kingdom,Phylum,Class,Order,Family,A288
Kingdom,Phylum,Class,Order,Family,A289
Kingdom,Phylum,Class,Order,Family,A290
Kingdom,Phylum,Class,Order,Family,A291
Kingdom,Phylum,Class,Order,Family,A292
Kingdom,Phylum,Class,Order,Family,A293
Kingdom,Phylum,Class,Order,Family,A294
Kingdom,Phylum,Class,Order,Family,A295
Kingdom,Phylum,Class,Order,Family,A296
Kingdom,Phylum,Class,Order,Family,A297
Kingdom,Phylum,Class,Order,Family,A298
Kingdom,Phylum,Class,Order,Family,A299
Kingdom,Phylum,Class,Order,Family,A300
Kingdom,Phylum,Class,Order,Family,A301
Kingdom,Phylum,Class,Order,Family,A302
Kingdom,Phylum,Class,Order,Family,A303
Kingdom,Phylum,Class,Order,Family,A304
Kingdom,Phylum,Class,Order,Family,A305
Kingdom,Phylum,Class,Order,Family,A306
Kingdom,Phylum,Class,Order,Family,A307
Kingdom,Phylum,Class,Order,Family,A308
Kingdom,Phylum,Class,Order,Family,A309
Kingdom,Phylum,Class,Order,Family,A310
Kingdom,Phylum,Class,Order,Family,A311
Kingdom,Phylum,Class,Order,Family,A312
Kingdom,Phylum,Class,Order,Family,A313
Kingdom,Phylum,Class,Order,Family,A314
Kingdom,Phylum,Class,Order,Family,A315
Kingdom,Phylum,Class,Order,Family,A316
Kingdom,Phylum,Class,Order,Family,A317
Kingdom,Phylum,Class,Order,Family,A318
Kingdom,Phylum,Class,Order,Family,A319
Kingdom,Phylum,Class,Order,Family,A320
Kingdom,Phylum,Class,Order,Family,A321
Kingdom,Phylum,Class,Order,Family,A322
Kingdom,Phylum,Class,Order,Family,A323
Kingdom,Phylum,Class,Order,Family,A324
Kingdom,Phylum,Class,Order,Family,A325
Kingdom,Phylum,Class,Order,Family,A326
Kingdom,Phylum,Class,Order,Family,A327
Kingdom,Phylum,Class,Order,Family,A328
Kingdom,Phylum,Class,Order,Family,A329
Kingdom,Phylum,Class,Order,Family,A330
Kingdom,Phylum,Class,Order,Family,A331
Kingdom,Phylum,Class,Order,Family,A332
Kingdom,Phylum,Class,Order,Family,A333
Kingdom,Phylum,Class,Order,Family,A334
Kingdom,Phylum,Class,Order,Family,A335
Kingdom,Phylum,Class,Order,Family,A336
Kingdom,Phylum,Class,Order,Family,A337
Kingdom,Phylum,Class,Order,Family,A338
Kingdom,Phylum,Class,Order,Family,A339
Kingdom,Phylum,Class,Order,Family,A340
Kingdom,Phylum,Class,Order,Family,A341
Kingdom,Phylum,Class,Order,Family,A342
Kingdom,Phylum,Class,Order,Family,A343
Kingdom,Phylum,Class,Order,Family,A344
Kingdom,Phylum,Class,Order,Family,A345
Kingdom,Phylum,Class,Order,Family,A346
Kingdom,Phylum,Class,Order,Family,A347
Kingdom,Phylum,Class,Order,Family,A348
Kingdom,Phylum,Class,Order,Family,A349
Kingdom,Phylum,Class,Order,Family,A350
Kingdom,Phylum,Class,Order,Family,A351
Kingdom,Phylum,Class,Order,Family,A352
Kingdom,Phylum,Class,Order,Family,A353
Kingdom,Phylum,Class,Order,Family,A354
Kingdom,Phylum,Class,Order,Family,A355
Kingdom,Phylum,Class,Order,Family,A356
Kingdom,Phylum,Class,Order,Family,A357
Kingdom,Phylum,Class,Order,Family,A358
Kingdom,Phylum,Class,Order,Family,A359
Kingdom,Phylum,Class,Order,Family,A360
Kingdom,Phylum,Class,Order,Family,A361
Kingdom,Phylum,Class,Order,Family,A362
Kingdom,Phylum,Class,Order,Family,A363
Kingdom,Phylum,Class,Order,Family,A364
Kingdom,Phylum,Class,Order,Family,A365
Kingdom,Phylum,Class,Order,Family,A366
Kingdom,Phylum,Class,Order,Family,A367
Kingdom,Phylum,Class,Order,Family,A368
Kingdom,Phylum,Class,Order,Family,A369
Kingdom,Phylum,Class,Order,Family,A370
Kingdom,Phylum,Class,Order,Family,A371
Kingdom,Phylum,Class,Order,Family,A372
Kingdom,Phylum,Class,Order,Family,A373
Kingdom,Phylum,Class,Order,Family,A374
Kingdom,Phylum,Class,Order,Family,A375
Kingdom,Phylum,Class,Order,Family,A376
Kingdom,Phylum,Class,Order,Family,A377
Kingdom,Phylum,Class,Order,Family,A378
Kingdom,Phylum,Class,Order,Family,A379
Kingdom,Phylum,Class,Order,Family,A380
Kingdom,Phylum,Class,Order,Family,A381
Kingdom,Phylum,Class,Order,Family,A382
Kingdom,Phylum,Class,Order,Family,A383
Kingdom,Phylum,Class,Order,Family,A384
Kingdom,Phylum,Class,Order,Family,A385
Kingdom,Phylum,Class,Order,Family,A386
Kingdom,Phylum,Class,Order,Family,A387
Kingdom,Phylum,Class,Order,Family,A388
Kingdom,Phylum,Class,Order,Family,A389
Kingdom,Phylum,Class,Order,Family,A390
Kingdom,Phylum,Class,Order,Family,A391
Kingdom,Phylum,Class,Order,Family,A392
Kingdom,Phylum,Class,Order,Family,A393
Kingdom,Phylum,Class,Order,Family,A394
Kingdom,Phylum,Class,Order,Family,A395
Kingdom,Phylum,Class,Order,Family,A396
Kingdom,Phylum,Class,Order,Family,A397
Kingdom,Phylum,Class,Order,Family,A398
Kingdom,Phylum,Class,Order,Family,A399
Kingdom,Phylum,Class,Order,Family,A400
Kingdom,Phylum,Class,Order,Family,A401
Kingdom,Phylum,Class,Order,Family,A402
Kingdom,Phylum,Class,Order,Family,A403
Kingdom,Phylum,Class,Order,Family,A404
Kingdom,Phylum,Class,Order,Family,A405
Kingdom,Phylum,Class,Order,Family,A406
Kingdom,Phylum,Class,Order,Family,A407
Kingdom,Phylum,Class,Order,Family,A408
Kingdom,Phylum,Class,Order,Family,A409
Kingdom,Phylum,Class,Order,Family,A410
Kingdom,Phylum,Class,Order,Family,A411
Kingdom,Phylum,Class,Order,Family,A412
Kingdom,Phylum,Class,Order,Family,A413
Kingdom,Phylum,Class,Order,Family,A414
Kingdom,Phylum,Class,Order,Family,A415
Kingdom,Phylum,Class,Order,Family,A416
Kingdom,Phylum,Class,Order,Family,A417
Kingdom,Phylum,Class,Order,Family,A418
Kingdom,Phylum,Class,Order,Family,A419
Kingdom,Phylum,Class,Order,Family,A420
Kingdom,Phylum,Class,Order,Family,A421
Kingdom,Phylum,Class,Order,Family,A422
Kingdom,Phylum,Class,Order,Family,A423
Kingdom,Phylum,Class,Order,Family,A424
Kingdom,Phylum,Class,Order,Family,A425
Kingdom,Phylum,Class,Order,Family,A426
Kingdom,Phylum,Class,Order,Family,A427
Kingdom,Phylum,Class,Order,Family,A428
Kingdom,Phylum,Class,Order,Family,A429
Kingdom,Phylum,Class,Order,Family,A430
Kingdom,Phylum,Class,Order,Family,A431
Kingdom,Phylum,Class,Order,Family,A432
Kingdom,Phylum,Class,Order,Family,A433
Kingdom,Phylum,Class,Order,Family,A434
Kingdom,Phylum,Class,Order,Family,A435
Kingdom,Phylum,Class,Order,Family,A436
Kingdom,Phylum,Class,Order,Family,A437
Kingdom,Phylum,Class,Order,Family,A438
Kingdom,Phylum,Class,Order,Family,A439
Kingdom,Phylum,Class,Order,Family,A440
Kingdom,Phylum,Class,Order,Family,A441
Kingdom,Phylum,Class,Order,Family,A442
Kingdom,Phylum,Class,Order,Family,A443
Kingdom,Phylum,Class,Order,Family,A444
Kingdom,Phylum,Class,Order,Family,A445
Kingdom,Phylum,Class,Order,Family,A446
Kingdom,Phylum,Class,Order,Family,A447
Kingdom,Phylum,Class,Order,Family,A448
Kingdom,Phylum,Class,Order,Family,A449
Kingdom,Phylum,Class,Order,Family,A450
Kingdom,Phylum,Class,Order,Family,A451
Kingdom,Phylum,Class,Order,Family,A452
Kingdom,Phylum,Class,Order,Family,A453
Kingdom,Phylum,Class,Order,Family,A454
Kingdom,Phylum,Class,Order,Family,A455
Kingdom,Phylum,Class,Order,Family,A456
Kingdom,Phylum,Class,Order,Family,A457
Kingdom,Phylum,Class,Order,Family,A458
Kingdom,Phylum,Class,Order,Family,A459
Kingdom,Phylum,Class,Order,Family,A460
Kingdom,Phylum,Class,Order,Family,A461
Kingdom,Phylum,Class,Order,Family,A462
Kingdom,Phylum,Class,Order,Family,A463
Kingdom,Phylum,Class,Order,Family,A464
Kingdom,Phylum,Class,Order,Family,A465
Kingdom,Phylum,Class,Order,Family,A466
Kingdom,Phylum,Class,Order,Family,A467
Kingdom,Phylum,Class,Order,Family,A468
Kingdom,Phylum,Class,Order,Family,A469
Kingdom,Phylum,Class,Order,Family,A470
Kingdom,Phylum,Class,Order,Family,A471
Kingdom,Phylum,Class,Order,Family,A472
Kingdom,Phylum,Class,Order,Family,A473
Kingdom,Phylum,Class,Order,Family,A474
Kingdom,Phylum,Class,Order,Family,A475
Kingdom,Phylum,Class,Order,Family,A476
Kingdom,Phylum,Class,Order,Family,A477
Kingdom,Phylum,Class,Order,Family,A478
Kingdom,Phylum,Class,Order,Family,A479
Kingdom,Phylum,Class,Order,Family,A480
Kingdom,Phylum,Class,Order,Family,A481
Kingdom,Phylum,Class,Order,Family,A482
Kingdom,Phylum,Class,Order,Family,A483
Kingdom,Phylum,Class,Order,Family,A484
Kingdom,Phylum,Class,Order,Family,A485
Kingdom,Phylum,Class,Order,Family,A486
Kingdom,Phylum,Class,Order,Family,A487
Kingdom,Phylum,Class,Order,Family,A488
Kingdom,Phylum,Class,Order,Family,A489
Kingdom,Phylum,Class,Order,Family,A490
Kingdom,Phylum,Class,Order,Family,A491
Kingdom,Phylum,Class,Order,Family,A492
Kingdom,Phylum,Class,Order,Family,A493
Kingdom,Phylum,Class,Order,Family,A494
Kingdom,Phylum,Class,Order,Family,A495
Kingdom,Phylum,Class,Order,Family,A496
Kingdom,Phylum,Class,Order,Family,A497
Kingdom,Phylum,Class,Order,Family,A498
Kingdom,Phylum,Class,Order,Family,A499
Kingdom,Phylum,Class,Order,Family,A500
Kingdom,Phylum,Class,Order,Family,A501
Kingdom,Phylum,Class,Order,Family,A502
Kingdom,Phylum,Class,Order,Family,A503
Kingdom,Phylum,Class,Order,Family,A504
Kingdom,Phylum,Class,Order,Family,A505
Kingdom,Phylum,Class,Order,Family,A506
Kingdom,Phylum,Class,Order,Family,A507
Kingdom,Phylum,Class,Order,Family,A508
Kingdom,Phylum,Class,Order,Family,A509
Kingdom,Phylum,Class,Order,Family,A510
Kingdom,Phylum,Class,Order,Family,A511
Kingdom,Phylum,Class,Order,Family,A512
Kingdom,Phylum,Class,Order,Family,A513
Kingdom,Phylum,Class,Order,Family,A514
Kingdom,Phylum,Class,Order,Family,A515
Kingdom,Phylum,Class,Order,Family,A516
Kingdom,Phylum,Class,Order,Family,A517
Kingdom,Phylum,Class,Order,Family,A518
Kingdom,Phylum,Class,Order,Family,A519
Kingdom,Phylum,Class,Order,Family,A520
Kingdom,Phylum,Class,Order,Family,A521
Kingdom,Phylum,Class,Order,Family,A522
Kingdom,Phylum,Class,Order,Family,A523
Kingdom,Phylum,Class,Order,Family,A524
Kingdom,Phylum,Class,Order,Family,A525
Kingdom,Phylum,Class,Order,Family,A526
Kingdom,Phylum,Class,Order,Family,A527
Kingdom,Phylum,Class,Order,Family,A528
Kingdom,Phylum,Class,Order,Family,A529
Kingdom,Phylum,Class,Order,Family,A530
Kingdom,Phylum,Class,Order,Family,A531
Kingdom,Phylum,Class,Order,Family,A532
Kingdom,Phylum,Class,Order,Family,A533
Kingdom,Phylum,Class,Order,Family,A534
Kingdom,Phylum,Class,Order,Family,A535
Kingdom,Phylum,Class,Order,Family,A536
Kingdom,Phylum,Class,Order,Family,A537
Kingdom,Phylum,Class,Order,Family,A538
Kingdom,Phylum,Class,Order,Family,A539
Kingdom,Phylum,Class,Order,Family,A540
Kingdom,Phylum,Class,Order,Family,A541
Kingdom,Phylum,Class,Order,Family,A542
Kingdom,Phylum,Class,Order,Family,A543
Kingdom,Phylum,Class,Order,Family,A544
Kingdom,Phylum,Class,Order,Family,A545
Kingdom,Phylum,Class,Order,Family,A546
Kingdom,Phylum,Class,Order,Family,A547
Kingdom,Phylum,Class,Order,Family,A548
Kingdom,Phylum,Class,Order,Family,A549
Kingdom,Phylum,Class,Order,Family,A550
Kingdom,Phylum,Class,Order,Family,A551
Kingdom,Phylum,Class,Order,Family,A552
Kingdom,Phylum,Class,Order,Family,A553
Kingdom,Phylum,Class,Order,Family,A554
Kingdom,Phylum,Class,Order,Family,A555
Kingdom,Phylum,Class,Order,Family,A556
Kingdom,Phylum,Class,Order,Family,A557
Kingdom,Phylum,Class,Order,Family,A558
Kingdom,Phylum,Class,Order,Family,A559
Kingdom,Phylum,Class,Order,Family,A560
Kingdom,Phylum,Class,Order,Family,A561
Kingdom,Phylum,Class,Order,Family,A562
Kingdom,Phylum,Class,Order,Family,A563
Kingdom,Phylum,Class,Order,Family,A564
Kingdom,Phylum,Class,Order,Family,A565
Kingdom,Phylum,Class,Order,Family,A566
Kingdom,Phylum,Class,Order,Family,A567
Kingdom,Phylum,Class,Order,Family,A568
Kingdom,Phylum,Class,Order,Family,A569
Kingdom,Phylum,Class,Order,Family,A570
Kingdom,Phylum,Class,Order,Family,A571
Kingdom,Phylum,Class,Order,Family,A572
Kingdom,Phylum,Class,Order,Family,A573
Kingdom,Phylum,Class,Order,Family,A574
Kingdom,Phylum,Class,Order,Family,A575
Kingdom,Phylum,Class,Order,Family,A576
Kingdom,Phylum,Class,Order,Family,A577
Kingdom,Phylum,Class,Order,Family,A578
Kingdom,Phylum,Class,Order,Family,A579
Kingdom,Phylum,Class,Order,Family,A580
Kingdom,Phylum,Class,Order,Family,A581
Kingdom,Phylum,Class,Order,Family,A582
Kingdom,Phylum,Class,Order,Family,A583
Kingdom,Phylum,Class,Order,Family,A584
Kingdom,Phylum,Class,Order,Family,A585
Kingdom,Phylum,Class,Order,Family,A586
Kingdom,Phylum,Class,Order,Family,A587
Kingdom,Phylum,Class,Order,Family,A588
Kingdom,Phylum,Class,Order,Family,A589
Kingdom,Phylum,Class,Order,Family,A590
Kingdom,Phylum,Class,Order,Family,A591
Kingdom,Phylum,Class,Order,Family,A592
Kingdom,Phylum,Class,Order,Family,A593
Kingdom,Phylum,Class,Order,Family,A594
Kingdom,Phylum,Class,Order,Family,A595
Kingdom,Phylum,Class,Order,Family,A596
Kingdom,Phylum,Class,Order,Family,A597
Kingdom,Phylum,Class,Order,Family,A598
Kingdom,Phylum,Class,Order,Family,A599
Kingdom,Phylum,Class,Order,Family,A600
Kingdom,Phylum,Class,Order,Family,A601
Kingdom,Phylum,Class,Order,Family,A602
Kingdom,Phylum,Class,Order,Family,A603
Kingdom,Phylum,Class,Order,Family,A604
Kingdom,Phylum,Class,Order,Family,A605
Kingdom,Phylum,Class,Order,Family,A606
Kingdom,Phylum,Class,Order,Family,A607
Kingdom,Phylum,Class,Order,Family,A608
Kingdom,Phylum,Class,Order,Family,A609
Kingdom,Phylum,Class,Order,Family,A610
Kingdom,Phylum,Class,Order,Family,A611
Kingdom,Phylum,Class,Order,Family,A612
Kingdom,Phylum,Class,Order,Family,A613
Kingdom,Phylum,Class,Order,Family,A614
Kingdom,Phylum,Class,Order,Family,A615
Kingdom,Phylum,Class,Order,Family,A616
Kingdom,Phylum,Class,Order,Family,A617
Kingdom,Phylum,Class,Order,Family,A618
Kingdom,Phylum,Class,Order,Family,A619
Kingdom,Phylum,Class,Order,Family,A620
Kingdom,Phylum,Class,Order,Family,A621
Kingdom,Phylum,Class,Order,Family,A622
Kingdom,Phylum,Class,Order,Family,A623
Kingdom,Phylum,Class,Order,Family,A624
Kingdom,Phylum,Class,Order,Family,A625
Kingdom,Phylum,Class,Order,Family,A626
Kingdom,Phylum,Class,Order,Family,A627
Kingdom,Phylum,Class,Order,Family,A628
Kingdom,Phylum,Class,Order,Family,A629
Kingdom,Phylum,Class,Order,Family,A630
Kingdom,Phylum,Class,Order,Family,A631
Kingdom,Phylum,Class,Order,Family,A632
Kingdom,Phylum,Class,Order,Family,A633
Kingdom,Phylum,Class,Order,Family,A634
Kingdom,Phylum,Class,Order,Family,A635
Kingdom,Phylum,Class,Order,Family,A636
Kingdom,Phylum,Class,Order,Family,A637
Kingdom,Phylum,Class,Order,Family,A638
Kingdom,Phylum,Class,Order,Family,A639
Kingdom,Phylum,Class,Order,Family,A640
Kingdom,Phylum,Class,Order,Family,A641
Kingdom,Phylum,Class,Order,Family,A642
Kingdom,Phylum,Class,Order,Family,A643
Kingdom,Phylum,Class,Order,Family,A644
Kingdom,Phylum,Class,Order,Family,A645
Kingdom,Phylum,Class,Order,Family,A646
Kingdom,Phylum,Class,Order,Family,A647
Kingdom,Phylum,Class,Order,Family,A648
Kingdom,Phylum,Class,Order,Family,A649
Kingdom,Phylum,Class,Order,Family,A650
Kingdom,Phylum,Class,Order,Family,A651
Kingdom,Phylum,Class,Order,Family,A652
Kingdom,Phylum,Class,Order,Family,A653
Kingdom,Phylum,Class,Order,Family,A654
Kingdom,Phylum,Class,Order,Family,A655
Kingdom,Phylum,Class,Order,Family,A656
Kingdom,Phylum,Class,Order,Family,A657
Kingdom,Phylum,Class,Order,Family,A658
Kingdom,Phylum,Class,Order,Family,A659
Kingdom,Phylum,Class,Order,Family,A660
Kingdom,Phylum,Class,Order,Family,A661
Kingdom,Phylum,Class,Order,Family,A662
Kingdom,Phylum,Class,Order,Family,A663
Kingdom,Phylum,Class,Order,Family,A664
Kingdom,Phylum,Class,Order,Family,A665
Kingdom,Phylum,Class,Order,Family,A666
Kingdom,Phylum,Class,Order,Family,A667
Kingdom,Phylum,Class,Order,Family,A668
Kingdom,Phylum,Class,Order,Family,A669
Kingdom,Phylum,Class,Order,Family,A670
Kingdom,Phylum,Class,Order,Family,A671
Kingdom,Phylum,Class,Order,Family,A672
Kingdom,Phylum,Class,Order,Family,A673
Kingdom,Phylum,Class,Order,Family,A674
Kingdom,Phylum,Class,Order,Family,A675
Kingdom,Phylum,Class,Order,Family,A676
Kingdom,Phylum,Class,Order,Family,A677
Kingdom,Phylum,Class,Order,Family,A678
Kingdom,Phylum,Class,Order,Family,A679
Kingdom,Phylum,Class,Order,Family,A680
Kingdom,Phylum,Class,Order,Family,A681
Kingdom,Phylum,Class,Order,Family,A682
Kingdom,Phylum,Class,Order,Family,A683
Kingdom,Phylum,Class,Order,Family,A684
Kingdom,Phylum,Class,Order,Family,A685
Kingdom,Phylum,Class,Order,Family,A686
Kingdom,Phylum,Class,Order,Family,A687
Kingdom,Phylum,Class,Order,Family,A688
Kingdom,Phylum,Class,Order,Family,A689
Kingdom,Phylum,Class,Order,Family,A690
Kingdom,Phylum,Class,Order,Family,A691
Kingdom,Phylum,Class,Order,Family,A692
Kingdom,Phylum,Class,Order,Family,A693
Kingdom,Phylum,Class,Order,Family,A694
Kingdom,Phylum,Class,Order,Family,A695
Kingdom,Phylum,Class,Order,Family,A696
Kingdom,Phylum,Class,Order,Family,A697
Kingdom,Phylum,Class,Order,Family,A698
Kingdom,Phylum,Class,Order,Family,A699
Kingdom,Phylum,Class,Order,Family,A700
Kingdom,Phylum,Class,Order,Family,A701
Kingdom,Phylum,Class,Order,Family,A702